timestamp,value
2015-01-02,24.26104164123535
2015-01-05,23.577579498291016
2015-01-06,23.57979393005371
2015-01-07,23.91043472290039
2015-01-08,24.829124450683594
2015-01-09,24.855756759643555
2015-01-12,24.243295669555664
2015-01-13,24.458539962768555
2015-01-14,24.365337371826172
2015-01-15,23.70406150817871
2015-01-16,23.519872665405273
2015-01-20,24.125682830810547
2015-01-21,24.309864044189453
2015-01-22,24.94230079650879
2015-01-23,25.071006774902344
2015-01-26,25.097631454467773
2015-01-27,24.21887969970703
2015-01-28,25.588048934936523
2015-01-29,26.384695053100586
2015-01-30,25.99857521057129
2015-02-02,26.32477378845215
2015-02-03,26.329214096069336
2015-02-04,26.53114891052246
2015-02-05,26.72051239013672
2015-02-06,26.495506286621094
2015-02-09,26.671504974365234
2015-02-10,27.18390464782715
2015-02-11,27.821060180664062
2015-02-12,28.173053741455078
2015-02-13,28.311182022094727
2015-02-17,28.478271484375
2015-02-18,28.676546096801758
2015-02-19,28.61638641357422
2015-02-20,28.850318908691406
2015-02-23,29.630054473876953
2015-02-24,29.445148468017578
2015-02-25,28.69214630126953
2015-02-26,29.055274963378906
2015-02-27,28.61862564086914
2015-03-02,28.758970260620117
2015-03-03,28.81912612915039
2015-03-04,28.636442184448242
2015-03-05,28.161916732788086
2015-03-06,28.204246520996094
2015-03-09,28.32454490661621
2015-03-10,27.738632202148438
2015-03-11,27.23292350769043
2015-03-12,27.72526741027832
2015-03-13,27.533668518066406
2015-03-16,27.836654663085938
2015-03-17,28.30227279663086
2015-03-18,28.620849609375
2015-03-19,28.404756546020508
2015-03-20,28.04829216003418
2015-03-23,28.34014129638672
2015-03-24,28.22429847717285
2015-03-25,27.486888885498047
2015-03-26,27.678476333618164
2015-03-27,27.457923889160156
2015-03-30,28.15300178527832
2015-03-31,27.720809936523438
2015-04-01,27.680706024169922
2015-04-02,27.919084548950195
2015-04-06,28.371335983276367
2015-04-07,28.072813034057617
2015-04-08,27.981462478637695
2015-04-09,28.195341110229492
2015-04-10,28.315643310546875
2015-04-13,28.25994110107422
2015-04-14,28.137414932250977
2015-04-15,28.244348526000977
2015-04-16,28.108449935913086
2015-04-17,27.792097091674805
2015-04-20,28.42702865600586
2015-04-21,28.273305892944336
2015-04-22,28.654266357421875
2015-04-23,28.88819122314453
2015-04-24,29.024089813232422
2015-04-27,29.552082061767578
2015-04-28,29.086463928222656
2015-04-29,28.658727645874023
2015-04-30,27.881214141845703
2015-05-01,28.7277889251709
2015-05-04,28.67208480834961
2015-05-05,28.02601432800293
2015-05-06,27.850025177001953
2015-05-07,28.022279739379883
2015-05-08,28.55024528503418
2015-05-11,28.259422302246094
2015-05-12,28.158750534057617
2015-05-13,28.190065383911133
2015-05-14,28.847782135009766
2015-05-15,28.807512283325195
2015-05-18,29.12518882751465
2015-05-19,29.098350524902344
2015-05-20,29.096107482910156
2015-05-21,29.393646240234375
2015-05-22,29.650903701782227
2015-05-26,28.997671127319336
2015-05-27,29.539052963256836
2015-05-28,29.480886459350586
2015-05-29,29.14532470703125
2015-06-01,29.20348358154297
2015-06-02,29.073734283447266
2015-06-03,29.10951805114746
2015-06-04,28.93950653076172
2015-06-05,28.780664443969727
2015-06-08,28.590511322021484
2015-06-09,28.5054988861084
2015-06-10,28.832120895385742
2015-06-11,28.767244338989258
2015-06-12,28.449573516845703
2015-06-15,28.393651962280273
2015-06-16,28.54576301574707
2015-06-17,28.47865867614746
2015-06-18,28.608407974243164
2015-06-19,28.32206153869629
2015-06-22,28.548011779785156
2015-06-23,28.418254852294922
2015-06-24,28.659866333007812
2015-06-25,28.52339744567871
2015-06-26,28.355609893798828
2015-06-29,27.858976364135742
2015-06-30,28.060314178466797
2015-07-01,28.32206153869629
2015-07-02,28.28626823425293
2015-07-06,28.187833786010742
2015-07-07,28.11847686767578
2015-07-08,27.42049217224121
2015-07-09,26.861221313476562
2015-07-10,27.57932472229004
2015-07-13,28.111770629882812
2015-07-14,28.100582122802734
2015-07-15,28.371274948120117
2015-07-16,28.74934196472168
2015-07-17,28.997671127319336
2015-07-20,29.5457706451416
2015-07-21,29.25046730041504
2015-07-22,28.013336181640625
2015-07-23,27.999914169311523
2015-07-24,27.85226058959961
2015-07-27,27.465240478515625
2015-07-28,27.601699829101562
2015-07-29,27.514448165893555
2015-07-30,27.375747680664062
2015-07-31,27.13637924194336
2015-08-03,26.496566772460938
2015-08-04,25.646453857421875
2015-08-05,25.81646728515625
2015-08-06,25.87265396118164
2015-08-07,25.960298538208008
2015-08-10,26.904146194458008
2015-08-11,25.504104614257812
2015-08-12,25.897367477416992
2015-08-13,25.877147674560547
2015-08-14,26.059179306030273
2015-08-17,26.3288516998291
2015-08-18,26.180524826049805
2015-08-19,25.845684051513672
2015-08-20,25.315336227416992
2015-08-21,23.76697540283203
2015-08-24,23.173696517944336
2015-08-25,23.313026428222656
2015-08-26,24.650150299072266
2015-08-27,25.37601089477539
2015-08-28,25.459156036376953
2015-08-31,25.340063095092773
2015-09-01,24.207443237304688
2015-09-02,25.245670318603516
2015-09-03,24.802961349487305
2015-09-04,24.555761337280273
2015-09-08,25.238929748535156
2015-09-09,24.753520965576172
2015-09-10,25.297353744506836
2015-09-11,25.665910720825195
2015-09-14,25.913105010986328
2015-09-15,26.131088256835938
2015-09-16,26.16029930114746
2015-09-17,25.600732803344727
2015-09-18,25.4951114654541
2015-09-21,25.8906307220459
2015-09-22,25.483875274658203
2015-09-23,25.69062614440918
2015-09-24,25.84343719482422
2015-09-25,25.77826499938965
2015-09-28,25.268138885498047
2015-09-29,24.50857162475586
2015-09-30,24.787233352661133
2015-10-01,24.625425338745117
2015-10-02,24.805206298828125
2015-10-05,24.895095825195312
2015-10-06,25.014205932617188
2015-10-07,24.895095825195312
2015-10-08,24.607452392578125
2015-10-09,25.19622802734375
2015-10-12,25.079374313354492
2015-10-13,25.122074127197266
2015-10-14,24.76700210571289
2015-10-15,25.137802124023438
2015-10-16,24.953529357910156
2015-10-19,25.108591079711914
2015-10-20,25.56702995300293
2015-10-21,25.564777374267578
2015-10-22,25.955806732177734
2015-10-23,26.76032066345215
2015-10-26,25.906360626220703
2015-10-27,25.742313385009766
2015-10-28,26.803022384643555
2015-10-29,27.086172103881836
2015-10-30,26.85470962524414
2015-11-02,27.232240676879883
2015-11-03,27.544612884521484
2015-11-04,27.416513442993164
2015-11-05,27.29012680053711
2015-11-06,27.32172966003418
2015-11-09,27.211143493652344
2015-11-10,26.353525161743164
2015-11-11,26.20457649230957
2015-11-12,26.116559982299805
2015-11-13,25.353731155395508
2015-11-16,25.769001007080078
2015-11-17,25.658411026000977
2015-11-18,26.470888137817383
2015-11-19,26.807157516479492
2015-11-20,26.924522399902344
2015-11-23,26.57470703125
2015-11-24,26.829730987548828
2015-11-25,26.637895584106445
2015-11-27,26.588247299194336
2015-11-30,26.698835372924805
2015-12-01,26.482166290283203
2015-12-02,26.242938995361328
2015-12-03,25.999204635620117
2015-12-04,26.863588333129883
2015-12-07,26.694316864013672
2015-12-08,26.68303680419922
2015-12-09,26.093984603881836
2015-12-10,26.21811866760254
2015-12-11,25.543312072753906
2015-12-14,25.385326385498047
2015-12-15,24.93621063232422
2015-12-16,25.128040313720703
2015-12-17,24.59543228149414
2015-12-18,23.929643630981445
2015-12-21,24.223041534423828
2015-12-22,24.20046615600586
2015-12-23,24.511919021606445
2015-12-24,24.381017684936523
2015-12-28,24.10794448852539
2015-12-29,24.541259765625
2015-12-30,24.220781326293945
2015-12-31,23.75586700439453
2016-01-04,23.776174545288086
2016-01-05,23.180356979370117
2016-01-06,22.726734161376953
2016-01-07,21.767560958862305
2016-01-08,21.882658004760742
2016-01-11,22.23699378967285
2016-01-12,22.559722900390625
2016-01-13,21.979707717895508
2016-01-14,22.46041488647461
2016-01-15,21.9210262298584
2016-01-19,21.814952850341797
2016-01-20,21.844295501708984
2016-01-21,21.73370361328125
2016-01-22,22.88922691345215
2016-01-25,22.442371368408203
2016-01-26,22.566492080688477
2016-01-27,21.083723068237305
2016-01-28,21.234933853149414
2016-01-29,21.968420028686523
2016-02-01,21.763044357299805
2016-02-02,21.322959899902344
2016-02-03,21.744991302490234
2016-02-04,21.91971206665039
2016-02-05,21.334280014038086
2016-02-08,21.558923721313477
2016-02-09,21.55438804626465
2016-02-10,21.391008377075195
2016-02-11,21.26167106628418
2016-02-12,21.327468872070312
2016-02-16,21.92879295349121
2016-02-17,22.26462173461914
2016-02-18,21.842559814453125
2016-02-19,21.792638778686523
2016-02-22,21.983243942260742
2016-02-23,21.486309051513672
2016-02-24,21.806259155273438
2016-02-25,21.956022262573242
2016-02-26,21.99005699157715
2016-02-29,21.940139770507812
2016-03-01,22.811481475830078
2016-03-02,22.861400604248047
2016-03-03,23.03158187866211
2016-03-04,23.37421989440918
2016-03-07,23.115541458129883
2016-03-08,22.92493438720703
2016-03-09,22.94536018371582
2016-03-10,22.956703186035156
2016-03-11,23.20404052734375
2016-03-14,23.263029098510742
2016-03-15,23.73046875
2016-03-16,24.04587745666504
2016-03-17,24.007299423217773
2016-03-18,24.03453254699707
2016-03-21,24.032270431518555
2016-03-22,24.216064453125
2016-03-23,24.082181930541992
2016-03-24,23.97780418395996
2016-03-28,23.86888313293457
2016-03-29,24.43389892578125
2016-03-30,24.860488891601562
2016-03-31,24.731155395507812
2016-04-01,24.95806884765625
2016-04-04,25.2144775390625
2016-04-05,24.917219161987305
2016-04-06,25.17817497253418
2016-04-07,24.629047393798828
2016-04-08,24.656272888183594
2016-04-11,24.737958908081055
2016-04-12,25.060178756713867
2016-04-13,25.42323875427246
2016-04-14,25.43685531616211
2016-04-15,24.92630386352539
2016-04-18,24.38851547241211
2016-04-19,24.25918197631836
2016-04-20,24.30909538269043
2016-04-21,24.04587745666504
2016-04-22,23.98007583618164
2016-04-25,23.843929290771484
2016-04-26,23.678287506103516
2016-04-27,22.19654083251953
2016-04-28,21.51807975769043
2016-04-29,21.27074432373047
2016-05-02,21.2480525970459
2016-05-03,21.59749984741211
2016-05-04,21.372852325439453
2016-05-05,21.28610610961914
2016-05-06,21.167390823364258
2016-05-09,21.183372497558594
2016-05-10,21.32719612121582
2016-05-11,21.119447708129883
2016-05-12,20.624052047729492
2016-05-13,20.665149688720703
2016-05-16,21.432209014892578
2016-05-17,21.343172073364258
2016-05-18,21.58745002746582
2016-05-19,21.50526237487793
2016-05-20,21.73812484741211
2016-05-23,22.014358520507812
2016-05-24,22.349952697753906
2016-05-25,22.74262237548828
2016-05-26,22.922969818115234
2016-05-27,22.909269332885742
2016-05-31,22.797407150268555
2016-06-01,22.477792739868164
2016-06-02,22.30885887145996
2016-06-03,22.354520797729492
2016-06-06,22.516605377197266
2016-06-07,22.607927322387695
2016-06-08,22.587377548217773
2016-06-09,22.749465942382812
2016-06-10,22.5622615814209
2016-06-13,22.22211265563965
2016-06-14,22.249502182006836
2016-06-15,22.176450729370117
2016-06-16,22.270048141479492
2016-06-17,21.76323127746582
2016-06-20,21.71072769165039
2016-06-21,21.895652770996094
2016-06-22,21.813459396362305
2016-06-23,21.939029693603516
2016-06-24,21.322629928588867
2016-06-27,21.01215171813965
2016-06-28,21.366003036499023
2016-06-29,21.55092430114746
2016-06-30,21.824880599975586
2016-07-01,21.891080856323242
2016-07-05,21.685617446899414
2016-07-06,21.80889129638672
2016-07-07,21.90249252319336
2016-07-08,22.07143783569336
2016-07-11,22.139921188354492
2016-07-12,22.240371704101562
2016-07-13,22.11481475830078
2016-07-14,22.55313491821289
2016-07-15,22.550851821899414
2016-07-18,22.790565490722656
2016-07-19,22.79969024658203
2016-07-20,22.82023811340332
2016-07-21,22.699241638183594
2016-07-22,22.523456573486328
2016-07-25,22.22211265563965
2016-07-26,22.06914520263672
2016-07-27,23.502830505371094
2016-07-28,23.820167541503906
2016-07-29,23.790483474731445
2016-08-01,24.210548400878906
2016-08-02,23.85212516784668
2016-08-03,24.151187896728516
2016-08-04,24.300382614135742
2016-08-05,24.66992950439453
2016-08-08,24.87421226501465
2016-08-09,24.975200653076172
2016-08-10,24.789283752441406
2016-08-11,24.77321434020996
2016-08-12,24.83060646057129
2016-08-15,25.128990173339844
2016-08-16,25.106035232543945
2016-08-17,25.069307327270508
2016-08-18,25.037174224853516
2016-08-19,25.101438522338867
2016-08-22,24.906341552734375
2016-08-23,24.984384536743164
2016-08-24,24.79616928100586
2016-08-25,24.690580368041992
2016-08-26,24.545982360839844
2016-08-29,24.5184383392334
2016-08-30,24.33022117614746
2016-08-31,24.35317611694336
2016-09-01,24.497777938842773
2016-09-02,24.727313995361328
2016-09-06,24.720426559448242
2016-09-07,24.871912002563477
2016-09-08,24.22004508972168
2016-09-09,23.67147445678711
2016-09-12,24.201684951782227
2016-09-13,24.777801513671875
2016-09-14,25.65461540222168
2016-09-15,26.526832580566406
2016-09-16,26.377635955810547
2016-09-19,26.07006072998047
2016-09-20,26.067766189575195
2016-09-21,26.06317710876465
2016-09-22,26.30877685546875
2016-09-23,25.87038230895996
2016-09-26,25.909387588500977
2016-09-27,25.957590103149414
2016-09-28,26.154987335205078
2016-09-29,25.74871253967285
2016-09-30,25.94841194152832
2016-10-03,25.826759338378906
2016-10-04,25.936941146850586
2016-10-05,25.94841194152832
2016-10-06,26.141220092773438
2016-10-07,26.18023681640625
2016-10-10,26.63700294494629
2016-10-11,26.694385528564453
2016-10-12,26.9330997467041
2016-10-13,26.850467681884766
2016-10-14,26.999658584594727
2016-10-17,26.981304168701172
2016-10-18,26.962932586669922
2016-10-19,26.882606506347656
2016-10-20,26.86882972717285
2016-10-21,26.76324462890625
2016-10-24,27.00425148010254
2016-10-25,27.141969680786133
2016-10-26,26.531415939331055
2016-10-27,26.276639938354492
2016-10-28,26.10219955444336
2016-10-31,26.060880661010742
2016-11-01,25.590343475341797
2016-11-02,25.613296508789062
2016-11-03,25.338756561279297
2016-11-04,25.11034393310547
2016-11-07,25.472566604614258
2016-11-08,25.622529983520508
2016-11-09,25.580991744995117
2016-11-10,24.868112564086914
2016-11-11,25.01576042175293
2016-11-14,24.388233184814453
2016-11-15,24.71122932434082
2016-11-16,25.37567138671875
2016-11-17,25.366437911987305
2016-11-18,25.39181900024414
2016-11-21,25.777103424072266
2016-11-22,25.79325294494629
2016-11-23,25.6617431640625
2016-11-25,25.790943145751953
2016-11-28,25.740182876586914
2016-11-29,25.71480941772461
2016-11-30,25.497943878173828
2016-12-01,25.26030921936035
2016-12-02,25.354904174804688
2016-12-05,25.172645568847656
2016-12-06,25.366437911987305
2016-12-07,25.6156063079834
2016-12-08,25.867076873779297
2016-12-09,26.289270401000977
2016-12-12,26.139314651489258
2016-12-13,26.575349807739258
2016-12-14,26.575349807739258
2016-12-15,26.720693588256836
2016-12-16,26.755308151245117
2016-12-19,26.909881591796875
2016-12-20,26.981401443481445
2016-12-21,27.006778717041016
2016-12-22,26.829132080078125
2016-12-23,26.8821964263916
2016-12-27,27.052915573120117
2016-12-28,26.93756866455078
2016-12-29,26.93064308166504
2016-12-30,26.720693588256836
2017-01-03,26.796833038330078
2017-01-04,26.766841888427734
2017-01-05,26.902965545654297
2017-01-06,27.202880859375
2017-01-09,27.452041625976562
2017-01-10,27.479740142822266
2017-01-11,27.62738037109375
2017-01-12,27.512035369873047
2017-01-13,27.463579177856445
2017-01-17,27.685060501098633
2017-01-18,27.682756423950195
2017-01-19,27.634309768676758
2017-01-20,27.685060501098633
2017-01-23,27.70351791381836
2017-01-24,27.678146362304688
2017-01-25,28.118793487548828
2017-01-26,28.13263511657715
2017-01-27,28.13494873046875
2017-01-30,28.061120986938477
2017-01-31,27.996519088745117
2017-02-01,29.703765869140625
2017-02-02,29.653011322021484
2017-02-03,29.779905319213867
2017-02-06,30.059059143066406
2017-02-07,30.34514045715332
2017-02-08,30.462793350219727
2017-02-09,30.682910919189453
2017-02-10,30.61341667175293
2017-02-13,30.884504318237305
2017-02-14,31.28536033630371
2017-02-15,31.398897171020508
2017-02-16,31.36182975769043
2017-02-17,31.447559356689453
2017-02-21,31.674636840820312
2017-02-22,31.769634246826172
2017-02-23,31.63524627685547
2017-02-24,31.665369033813477
2017-02-27,31.727916717529297
2017-02-28,31.7418270111084
2017-03-01,32.390628814697266
2017-03-02,32.198299407958984
2017-03-03,32.3882942199707
2017-03-06,32.28635025024414
2017-03-07,32.328060150146484
2017-03-08,32.20757293701172
2017-03-09,32.1334114074707
2017-03-10,32.24000549316406
2017-03-13,32.253910064697266
2017-03-14,32.20524978637695
2017-03-15,32.545867919921875
2017-03-16,32.599151611328125
2017-03-17,32.436954498291016
2017-03-20,32.777565002441406
2017-03-21,32.40221405029297
2017-03-22,32.768310546875
2017-03-23,32.65245056152344
2017-03-24,32.58756637573242
2017-03-27,32.64318084716797
2017-03-28,33.31977462768555
2017-03-29,33.393917083740234
2017-03-30,33.34989547729492
2017-03-31,33.287322998046875
2017-04-03,33.29659652709961
2017-04-04,33.544525146484375
2017-04-05,33.370750427246094
2017-04-06,33.287322998046875
2017-04-07,33.21318817138672
2017-04-10,33.173789978027344
2017-04-11,32.81697082519531
2017-04-12,32.85634994506836
2017-04-13,32.68257522583008
2017-04-17,32.863304138183594
2017-04-18,32.71733093261719
2017-04-19,32.596832275390625
2017-04-20,33.004642486572266
2017-04-21,32.96525573730469
2017-04-24,33.2827033996582
2017-04-25,33.488922119140625
2017-04-26,33.291969299316406
2017-04-27,33.31745910644531
2017-04-28,33.285011291503906
2017-05-01,33.963924407958984
2017-05-02,34.17940902709961
2017-05-03,34.07514190673828
2017-05-04,33.95234298706055
2017-05-05,34.5153923034668
2017-05-08,35.45380783081055
2017-05-09,35.68088150024414
2017-05-10,35.51173400878906
2017-05-11,35.8188591003418
2017-05-12,36.31908416748047
2017-05-15,36.22602081298828
2017-05-16,36.17250061035156
2017-05-17,34.95798873901367
2017-05-18,35.49079513549805
2017-05-19,35.61178207397461
2017-05-22,35.82815933227539
2017-05-23,35.78396224975586
2017-05-24,35.67692947387695
2017-05-25,35.800235748291016
2017-05-26,35.7397575378418
2017-05-30,35.75371170043945
2017-05-31,35.54197692871094
2017-06-01,35.639705657958984
2017-06-02,36.16785430908203
2017-06-05,35.81420135498047
2017-06-06,35.93518829345703
2017-06-07,36.149234771728516
2017-06-08,36.060829162597656
2017-06-09,34.66250228881836
2017-06-12,33.83420944213867
2017-06-13,34.106441497802734
2017-06-14,33.77372741699219
2017-06-15,33.57130813598633
2017-06-16,33.101322174072266
2017-06-19,34.04828643798828
2017-06-20,33.73882293701172
2017-06-21,33.93892288208008
2017-06-22,33.88308334350586
2017-06-23,34.0343132019043
2017-06-26,33.92728042602539
2017-06-27,33.44102096557617
2017-06-28,33.92961120605469
2017-06-29,33.429386138916016
2017-06-30,33.50849151611328
2017-07-03,33.38750076293945
2017-07-05,33.52477264404297
2017-07-06,33.208343505859375
2017-07-07,33.545711517333984
2017-07-10,33.75045394897461
2017-07-11,33.859806060791016
2017-07-12,33.9086799621582
2017-07-13,34.38098907470703
2017-07-14,34.67646408081055
2017-07-17,34.79745101928711
2017-07-18,34.9184455871582
2017-07-19,35.13714599609375
2017-07-20,34.97893524169922
2017-07-21,34.962650299072266
2017-07-24,35.38609313964844
2017-07-25,35.53732681274414
2017-07-26,35.70484924316406
2017-07-27,35.03010559082031
2017-07-28,34.78349685668945
2017-07-31,34.604347229003906
2017-08-01,34.91145706176758
2017-08-02,36.561065673828125
2017-08-03,36.195770263671875
2017-08-04,36.386558532714844
2017-08-07,36.94961929321289
2017-08-08,37.24509811401367
2017-08-09,37.47311019897461
2017-08-10,36.27952575683594
2017-08-11,36.78403854370117
2017-08-14,37.33763122558594
2017-08-15,37.74639129638672
2017-08-16,37.59455871582031
2017-08-17,36.87282180786133
2017-08-18,36.78872299194336
2017-08-21,36.720977783203125
2017-08-22,37.321285247802734
2017-08-23,37.36799240112305
2017-08-24,37.2021598815918
2017-08-25,37.339969635009766
2017-08-28,37.71603775024414
2017-08-29,38.05238723754883
2017-08-30,38.155155181884766
2017-08-31,38.3069953918457
2017-09-01,38.318668365478516
2017-09-05,37.85851287841797
2017-09-06,37.81880187988281
2017-09-07,37.66697311401367
2017-09-08,37.05266571044922
2017-09-11,37.723045349121094
2017-09-12,37.573543548583984
2017-09-13,37.29092025756836
2017-09-14,36.97091293334961
2017-09-15,37.34463882446289
2017-09-18,37.06200408935547
2017-09-19,37.0760383605957
2017-09-20,36.45470428466797
2017-09-21,35.82871627807617
2017-09-22,35.47834396362305
2017-09-25,35.16535568237305
2017-09-26,35.77031707763672
2017-09-27,36.02492141723633
2017-09-28,35.803016662597656
2017-09-29,35.99921798706055
2017-10-02,35.92681884765625
2017-10-03,36.08330154418945
2017-10-04,35.849735260009766
2017-10-05,36.29587936401367
2017-10-06,36.274837493896484
2017-10-09,36.4009895324707
2017-10-10,36.41499328613281
2017-10-11,36.56681823730469
2017-10-12,36.43836212158203
2017-10-13,36.66959762573242
2017-10-16,37.34463882446289
2017-10-17,37.48244094848633
2017-10-18,37.316612243652344
2017-10-19,36.43367004394531
2017-10-20,36.49674606323242
2017-10-23,36.47806167602539
2017-10-24,36.69529724121094
2017-10-25,36.53411865234375
2017-10-26,36.76770782470703
2017-10-27,38.0850944519043
2017-10-30,38.942325592041016
2017-10-31,39.48422622680664
2017-11-01,38.982032775878906
2017-11-02,39.26699447631836
2017-11-03,40.29240798950195
2017-11-06,40.70117950439453
2017-11-07,40.83197784423828
2017-11-08,41.16598129272461
2017-11-09,41.081905364990234
2017-11-10,40.94594192504883
2017-11-13,40.7818489074707
2017-11-14,40.16532897949219
2017-11-15,39.63554763793945
2017-11-16,40.10908126831055
2017-11-17,39.88636016845703
2017-11-20,39.84651565551758
2017-11-21,40.5872802734375
2017-11-22,41.01393508911133
2017-11-24,41.016273498535156
2017-11-27,40.80998611450195
2017-11-28,40.57087326049805
2017-11-29,39.729305267333984
2017-11-30,40.28489685058594
2017-12-01,40.09735107421875
2017-12-04,39.8043212890625
2017-12-05,39.766822814941406
2017-12-06,39.6191291809082
2017-12-07,39.69180679321289
2017-12-08,39.70352554321289
2017-12-11,40.47710418701172
2017-12-12,40.24972152709961
2017-12-13,40.383338928222656
2017-12-14,40.37162399291992
2017-12-15,40.7818489074707
2017-12-18,41.356178283691406
2017-12-19,40.91547393798828
2017-12-20,40.870933532714844
2017-12-21,41.02565002441406
2017-12-22,41.02565002441406
2017-12-26,39.984832763671875
2017-12-27,39.99186325073242
2017-12-28,40.10438919067383
2017-12-29,39.67070770263672
2018-01-02,40.38100051879883
2018-01-03,40.37395477294922
2018-01-04,40.56149673461914
2018-01-05,41.023311614990234
2018-01-08,40.870933532714844
2018-01-09,40.866241455078125
2018-01-10,40.85686111450195
2018-01-11,41.08892822265625
2018-01-12,41.513248443603516
2018-01-16,41.3022575378418
2018-01-17,41.98441696166992
2018-01-18,42.02192687988281
2018-01-19,41.83439636230469
2018-01-22,41.49214172363281
2018-01-23,41.50151824951172
2018-01-24,40.8404541015625
2018-01-25,40.11140823364258
2018-01-26,40.20519256591797
2018-01-29,39.372989654541016
2018-01-30,39.14093017578125
2018-01-31,39.24875259399414
2018-02-01,39.3307991027832
2018-02-02,37.62423324584961
2018-02-05,36.6842155456543
2018-02-06,38.21731948852539
2018-02-07,37.3991813659668
2018-02-08,36.370094299316406
2018-02-09,36.814937591552734
2018-02-12,38.29780197143555
2018-02-13,38.68146514892578
2018-02-14,39.394657135009766
2018-02-15,40.71745300292969
2018-02-16,40.58563995361328
2018-02-20,40.44914245605469
2018-02-21,40.26554489135742
2018-02-22,40.60212707519531
2018-02-23,41.30824661254883
2018-02-26,42.12499237060547
2018-02-27,41.988487243652344
2018-02-28,41.92493438720703
2018-03-01,41.19057083129883
2018-03-02,41.475364685058594
2018-03-05,41.61894607543945
2018-03-06,41.5836296081543
2018-03-07,41.197628021240234
2018-03-08,41.647178649902344
2018-03-09,42.36273193359375
2018-03-12,42.77228546142578
2018-03-13,42.360374450683594
2018-03-14,42.0002555847168
2018-03-15,42.04966735839844
2018-03-16,41.90139389038086
2018-03-19,41.261173248291016
2018-03-20,41.24705123901367
2018-03-21,40.3126220703125
2018-03-22,39.74300003051758
2018-03-23,38.822689056396484
2018-03-26,40.66567611694336
2018-03-27,39.62297058105469
2018-03-28,39.1851692199707
2018-03-29,39.49115753173828
2018-04-02,39.232242584228516
2018-04-03,39.63472366333008
2018-04-04,40.392642974853516
2018-04-05,40.67274475097656
2018-04-06,39.632381439208984
2018-04-09,40.025447845458984
2018-04-10,40.778663635253906
2018-04-11,40.58800506591797
2018-04-12,40.988136291503906
2018-04-13,41.12700653076172
2018-04-16,41.38357162475586
2018-04-17,41.95317459106445
2018-04-18,41.859031677246094
2018-04-19,40.67274475097656
2018-04-20,39.00627517700195
2018-04-23,38.893306732177734
2018-04-24,38.35193634033203
2018-04-25,38.51905822753906
2018-04-26,38.653228759765625
2018-04-27,38.20601272583008
2018-04-30,38.898014068603516
2018-05-01,39.80186080932617
2018-05-02,41.56010055541992
2018-05-03,41.63542556762695
2018-05-04,43.2689208984375
2018-05-07,43.581966400146484
2018-05-08,43.79144287109375
2018-05-09,44.09979248046875
2018-05-10,44.7306022644043
2018-05-11,44.56047821044922
2018-05-14,44.456512451171875
2018-05-15,44.05246353149414
2018-05-16,44.463592529296875
2018-05-17,44.18241882324219
2018-05-18,44.021759033203125
2018-05-21,44.33365249633789
2018-05-22,44.222591400146484
2018-05-23,44.50613784790039
2018-05-24,44.456512451171875
2018-05-25,44.55811309814453
2018-05-29,44.39742660522461
2018-05-30,44.302921295166016
2018-05-31,44.154075622558594
2018-06-01,44.95034408569336
2018-06-04,45.326026916503906
2018-06-05,45.67573165893555
2018-06-06,45.83403396606445
2018-06-07,45.711158752441406
2018-06-08,45.295318603515625
2018-06-11,45.18425750732422
2018-06-12,45.43235397338867
2018-06-13,45.05902099609375
2018-06-14,45.08265686035156
2018-06-15,44.61953353881836
2018-06-18,44.59591293334961
2018-06-19,43.875247955322266
2018-06-20,44.0666389465332
2018-06-21,43.82091522216797
2018-06-22,43.69331741333008
2018-06-25,43.043540954589844
2018-06-26,43.577537536621094
2018-06-27,43.51374435424805
2018-06-28,43.83035659790039
2018-06-29,43.73820495605469
2018-07-02,44.2273063659668
2018-07-03,43.457035064697266
2018-07-05,43.80672836303711
2018-07-06,44.413970947265625
2018-07-09,45.030662536621094
2018-07-10,44.9763298034668
2018-07-11,44.39271926879883
2018-07-12,45.137001037597656
2018-07-13,45.20787811279297
2018-07-16,45.10863494873047
2018-07-17,45.23624038696289
2018-07-18,44.988136291503906
2018-07-19,45.33784484863281
2018-07-20,45.23388671875
2018-07-23,45.274044036865234
2018-07-24,45.602474212646484
2018-07-25,46.032501220703125
2018-07-26,45.888389587402344
2018-07-27,45.125186920166016
2018-07-30,44.87236404418945
2018-07-31,44.9621467590332
2018-08-01,47.610870361328125
2018-08-02,49.0025749206543
2018-08-03,49.14435958862305
2018-08-06,49.3995246887207
2018-08-07,48.93643569946289
2018-08-08,48.96949005126953
2018-08-09,49.35464096069336
2018-08-10,49.20762634277344
2018-08-13,49.52536392211914
2018-08-14,49.73401641845703
2018-08-15,49.85021209716797
2018-08-16,50.580501556396484
2018-08-17,51.59059143066406
2018-08-20,51.08791732788086
2018-08-21,50.98832321166992
2018-08-22,50.99070358276367
2018-08-23,51.095027923583984
2018-08-24,51.25390625
2018-08-27,51.675960540771484
2018-08-28,52.0932731628418
2018-08-29,52.870994567871094
2018-08-30,53.35707473754883
2018-08-31,53.97356033325195
2018-09-04,54.14665603637695
2018-09-05,53.793357849121094
2018-09-06,52.89945602416992
2018-09-07,52.472652435302734
2018-09-10,51.7684326171875
2018-09-11,53.07728576660156
2018-09-12,52.41810989379883
2018-09-13,53.68428039550781
2018-09-14,53.07490539550781
2018-09-17,51.66173553466797
2018-09-18,51.74708938598633
2018-09-19,51.77791976928711
2018-09-20,52.1715202331543
2018-09-21,51.60956573486328
2018-09-24,52.35171127319336
2018-09-25,52.68366622924805
2018-09-26,52.263980865478516
2018-09-27,53.33809280395508
2018-09-28,53.525421142578125
2018-10-01,53.88582229614258
2018-10-02,54.36479568481445
2018-10-03,55.026336669921875
2018-10-04,54.05891799926758
2018-10-05,53.18162155151367
2018-10-08,53.05831527709961
2018-10-09,53.793357849121094
2018-10-10,51.30132293701172
2018-10-11,50.84843444824219
2018-10-12,52.664703369140625
2018-10-15,51.53843688964844
2018-10-16,52.674190521240234
2018-10-17,52.44657897949219
2018-10-18,51.22071075439453
2018-10-19,52.000789642333984
2018-10-22,52.31851577758789
2018-10-23,52.81170654296875
2018-10-24,51.000186920166016
2018-10-25,52.11698532104492
2018-10-26,51.2870979309082
2018-10-29,50.324424743652344
2018-10-30,50.57576370239258
2018-10-31,51.89409637451172
2018-11-01,52.69078826904297
2018-11-02,49.19578552246094
2018-11-05,47.79918670654297
2018-11-06,48.31609344482422
2018-11-07,49.781436920166016
2018-11-08,49.60774230957031
2018-11-09,48.65122985839844
2018-11-12,46.200469970703125
2018-11-13,45.73887634277344
2018-11-14,44.446868896484375
2018-11-15,45.54376220703125
2018-11-16,46.04819869995117
2018-11-19,44.223201751708984
2018-11-20,42.11030578613281
2018-11-21,42.0627326965332
2018-11-23,40.994380950927734
2018-11-26,41.54878616333008
2018-11-27,41.45835876464844
2018-11-28,43.05255126953125
2018-11-29,42.72181701660156
2018-11-30,42.49102020263672
2018-12-03,43.97574234008789
2018-12-04,42.04131317138672
2018-12-06,41.572566986083984
2018-12-07,40.090213775634766
2018-12-10,40.35432434082031
2018-12-11,40.12353515625
2018-12-12,40.2353630065918
2018-12-13,40.67555236816406
2018-12-14,39.374019622802734
2018-12-17,39.007591247558594
2018-12-18,39.51441192626953
2018-12-19,38.281890869140625
2018-12-20,37.31585693359375
2018-12-21,35.86442565917969
2018-12-24,34.93647766113281
2018-12-26,37.39674377441406
2018-12-27,37.154048919677734
2018-12-28,37.17308807373047
2018-12-31,37.53236389160156
2019-01-02,37.575218200683594
2019-01-03,33.83245086669922
2019-01-04,35.27672576904297
2019-01-07,35.198204040527344
2019-01-08,35.86920166015625
2019-01-09,36.47832107543945
2019-01-10,36.59490203857422
2019-01-11,36.23561477661133
2019-01-14,35.690738677978516
2019-01-15,36.42121124267578
2019-01-16,36.86615753173828
2019-01-17,37.08504867553711
2019-01-18,37.313472747802734
2019-01-22,36.475929260253906
2019-01-23,36.623443603515625
2019-01-24,36.33316421508789
2019-01-25,37.537132263183594
2019-01-28,37.18975830078125
2019-01-29,36.804283142089844
2019-01-30,39.31930160522461
2019-01-31,39.602447509765625
2019-02-01,39.62147903442383
2019-02-04,40.74692153930664
2019-02-05,41.4440803527832
2019-02-06,41.45835876464844
2019-02-07,40.67316818237305
2019-02-08,40.72095489501953
2019-02-11,40.48677062988281
2019-02-12,40.83565902709961
2019-02-13,40.66600036621094
2019-02-14,40.81414794921875
2019-02-15,40.72334671020508
2019-02-19,40.84520721435547
2019-02-20,41.10807418823242
2019-02-21,40.876277923583984
2019-02-22,41.332679748535156
2019-02-25,41.63378143310547
2019-02-26,41.65766525268555
2019-02-27,41.78670120239258
2019-02-28,41.37569808959961
2019-03-01,41.810604095458984
2019-03-04,42.02088928222656
2019-03-05,41.944427490234375
2019-03-06,41.703086853027344
2019-03-07,41.22037887573242
2019-03-08,41.3183479309082
2019-03-11,42.74971008300781
2019-03-12,43.23003387451172
2019-03-13,43.421199798583984
2019-03-14,43.90389633178711
2019-03-15,44.47499084472656
2019-03-18,44.92901611328125
2019-03-19,44.572967529296875
2019-03-20,44.96247100830078
2019-03-21,46.618446350097656
2019-03-22,45.6530647277832
2019-03-25,45.101070404052734
2019-03-26,44.635108947753906
2019-03-27,45.03654861450195
2019-03-28,45.09629440307617
2019-03-29,45.390201568603516
2019-04-01,45.69846725463867
2019-04-02,46.362770080566406
2019-04-03,46.68058776855469
2019-04-04,46.76182556152344
2019-04-05,47.07486343383789
2019-04-08,47.815650939941406
2019-04-09,47.672271728515625
2019-04-10,47.93988800048828
2019-04-11,47.54083251953125
2019-04-12,47.521724700927734
2019-04-15,47.60773468017578
2019-04-16,47.612525939941406
2019-04-17,48.53968811035156
2019-04-18,48.7141227722168
2019-04-22,48.874229431152344
2019-04-23,49.579158782958984
2019-04-24,49.502689361572266
2019-04-25,49.05345153808594
2019-04-26,48.819252014160156
2019-04-29,48.893341064453125
2019-04-30,47.95185470581055
2019-05-01,50.30558776855469
2019-05-02,49.978214263916016
2019-05-03,50.59950637817383
2019-05-06,49.818115234375
2019-05-07,48.47515869140625
2019-05-08,48.48471450805664
2019-05-09,47.96379470825195
2019-05-10,47.29933166503906
2019-05-13,44.550315856933594
2019-05-14,45.255558013916016
2019-05-15,45.79768371582031
2019-05-16,45.59619140625
2019-05-17,45.33712387084961
2019-05-20,43.91943359375
2019-05-21,44.76142120361328
2019-05-22,43.8450813293457
2019-05-23,43.09666061401367
2019-05-24,42.93113708496094
2019-05-28,42.75362777709961
2019-05-29,42.54973220825195
2019-05-30,42.77042007446289
2019-05-31,41.9956169128418
2019-06-03,41.57102966308594
2019-06-04,43.091861724853516
2019-06-05,43.787506103515625
2019-06-06,44.43037033081055
2019-06-07,45.61298751831055
2019-06-10,46.195892333984375
2019-06-11,46.73081588745117
2019-06-12,46.58209228515625
2019-06-13,46.57249450683594
2019-06-14,46.23426818847656
2019-06-17,46.510128021240234
2019-06-18,47.60398864746094
2019-06-19,47.464839935302734
2019-06-20,47.84626007080078
2019-06-21,47.683128356933594
2019-06-24,47.63515853881836
2019-06-25,46.91312026977539
2019-06-26,47.927818298339844
2019-06-27,47.91342544555664
2019-06-28,47.47683334350586
2019-07-01,48.34759521484375
2019-07-02,48.630653381347656
2019-07-03,49.03365707397461
2019-07-05,48.990478515625
2019-07-08,47.980594635009766
2019-07-09,48.27324295043945
2019-07-10,48.7505989074707
2019-07-11,48.39558792114258
2019-07-12,48.767391204833984
2019-07-15,49.22555923461914
2019-07-16,49.055240631103516
2019-07-17,48.779388427734375
2019-07-18,49.33351135253906
2019-07-19,48.59709167480469
2019-07-22,49.70772171020508
2019-07-23,50.0963249206543
2019-07-24,50.055545806884766
2019-07-25,49.65974807739258
2019-07-26,49.83245849609375
2019-07-29,50.29780960083008
2019-07-30,50.08192825317383
2019-07-31,51.10380935668945
2019-08-01,49.99797058105469
2019-08-02,48.94010543823242
2019-08-05,46.37818908691406
2019-08-06,47.25614547729492
2019-08-07,47.745506286621094
2019-08-08,48.798580169677734
2019-08-09,48.39645767211914
2019-08-12,48.27364730834961
2019-08-13,50.317955017089844
2019-08-14,48.82024002075195
2019-08-15,48.57705307006836
2019-08-16,49.723209381103516
2019-08-19,50.65025329589844
2019-08-20,50.65265655517578
2019-08-21,51.201663970947266
2019-08-22,51.158321380615234
2019-08-23,48.79375457763672
2019-08-26,49.72079849243164
2019-08-27,49.15976333618164
2019-08-28,49.48965072631836
2019-08-29,50.32759094238281
2019-08-30,50.26258850097656
2019-09-03,49.53059387207031
2019-09-04,50.370933532714844
2019-09-05,51.35576629638672
2019-09-06,51.350948333740234
2019-09-09,51.570072174072266
2019-09-10,52.17927169799805
2019-09-11,53.83831024169922
2019-09-12,53.717926025390625
2019-09-13,52.67288589477539
2019-09-16,52.94980239868164
2019-09-17,53.14243698120117
2019-09-18,53.640869140625
2019-09-19,53.20503616333008
2019-09-20,52.42728042602539
2019-09-23,52.66566467285156
2019-09-24,52.41523742675781
2019-09-25,53.22188949584961
2019-09-26,52.94739532470703
2019-09-27,52.68974685668945
2019-09-30,53.9298095703125
2019-10-01,54.07909393310547
2019-10-02,52.723453521728516
2019-10-03,53.171329498291016
2019-10-04,54.661827087402344
2019-10-07,54.67385482788086
2019-10-08,54.033355712890625
2019-10-09,54.66663360595703
2019-10-10,55.40345001220703
2019-10-11,56.87710189819336
2019-10-14,56.795223236083984
2019-10-15,56.66279220581055
2019-10-16,56.43404769897461
2019-10-17,56.65314865112305
2019-10-18,56.92525863647461
2019-10-21,57.91249084472656
2019-10-22,57.78006362915039
2019-10-23,58.55540084838867
2019-10-24,58.651710510253906
2019-10-25,59.374088287353516
2019-10-28,59.96883773803711
2019-10-29,58.58188247680664
2019-10-30,58.57466125488281
2019-10-31,59.89899826049805
2019-11-01,61.59899139404297
2019-11-04,62.00352096557617
2019-11-05,61.91442108154297
2019-11-06,61.9409065246582
2019-11-07,62.655784606933594
2019-11-08,62.827274322509766
2019-11-11,63.32477951049805
2019-11-12,63.26683044433594
2019-11-13,63.87300109863281
2019-11-14,63.4310417175293
2019-11-15,64.18455505371094
2019-11-18,64.50819396972656
2019-11-19,64.31256103515625
2019-11-20,63.563873291015625
2019-11-21,63.278907775878906
2019-11-22,63.22334671020508
2019-11-25,64.33187103271484
2019-11-26,63.82954406738281
2019-11-27,64.68694305419922
2019-11-29,64.54441833496094
2019-12-02,63.79814147949219
2019-12-03,62.6606330871582
2019-12-04,63.21369171142578
2019-12-05,64.14109802246094
2019-12-06,65.38004302978516
2019-12-09,64.46470642089844
2019-12-10,64.84147644042969
2019-12-11,65.39454650878906
2019-12-12,65.56119537353516
2019-12-13,66.452392578125
2019-12-16,67.58990478515625
2019-12-17,67.72273254394531
2019-12-18,67.5609130859375
2019-12-19,67.6285629272461
2019-12-20,67.48846435546875
2019-12-23,68.58976745605469
2019-12-24,68.65496063232422
2019-12-26,70.01710510253906
2019-12-27,69.99055480957031
2019-12-30,70.40594482421875
2019-12-31,70.92037200927734
2020-01-02,72.53852844238281
2020-01-03,71.83329010009766
2020-01-06,72.40567779541016
2020-01-07,72.06515502929688
2020-01-08,73.22440338134766
2020-01-09,74.77973175048828
2020-01-10,74.94880676269531
2020-01-13,76.550048828125
2020-01-14,75.516357421875
2020-01-15,75.1927490234375
2020-01-16,76.1346435546875
2020-01-17,76.97753143310547
2020-01-21,76.45584869384766
2020-01-22,76.72876739501953
2020-01-23,77.0982894897461
2020-01-24,76.87608337402344
2020-01-27,74.61553955078125
2020-01-28,76.7263412475586
2020-01-29,78.33241271972656
2020-01-30,78.21890258789062
2020-01-31,74.75079345703125
2020-02-03,74.54549407958984
2020-02-04,77.00651550292969
2020-02-05,77.63444519042969
2020-02-06,78.54254150390625
2020-02-07,77.47493743896484
2020-02-10,77.84290313720703
2020-02-11,77.37324523925781
2020-02-12,79.21070861816406
2020-02-13,78.64661407470703
2020-02-14,78.66600799560547
2020-02-18,77.22557830810547
2020-02-19,78.34400939941406
2020-02-20,77.54029083251953
2020-02-21,75.78515625
2020-02-24,72.18534851074219
2020-02-25,69.74027252197266
2020-02-26,70.84659576416016
2020-02-27,66.21548461914062
2020-02-28,66.17676544189453
2020-03-02,72.33785247802734
2020-03-03,70.04046630859375
2020-03-04,73.28926086425781
2020-03-05,70.91197204589844
2020-03-06,69.97024536132812
2020-03-09,64.43614959716797
2020-03-10,69.07694244384766
2020-03-11,66.67787170410156
2020-03-12,60.09313201904297
2020-03-13,67.29277801513672
2020-03-16,58.63576126098633
2020-03-17,61.21398162841797
2020-03-18,59.71546173095703
2020-03-19,59.25791931152344
2020-03-20,55.49589538574219
2020-03-23,54.316925048828125
2020-03-24,59.76630783081055
2020-03-25,59.43707275390625
2020-03-26,62.564823150634766
2020-03-27,59.97450256347656
2020-03-30,61.6860466003418
2020-03-31,61.5601692199707
2020-04-01,58.32105255126953
2020-04-02,59.29423522949219
2020-04-03,58.44209289550781
2020-04-06,63.540443420410156
2020-04-07,62.804481506347656
2020-04-08,64.41194915771484
2020-04-09,64.8767318725586
2020-04-13,66.15010833740234
2020-04-14,69.49090576171875
2020-04-15,68.85663604736328
2020-04-16,69.40377807617188
2020-04-17,68.46204376220703
2020-04-20,67.04098510742188
2020-04-21,64.96874237060547
2020-04-22,66.84008026123047
2020-04-23,66.58103942871094
2020-04-24,68.50321960449219
2020-04-27,68.5516357421875
2020-04-28,67.44043731689453
2020-04-29,69.65553283691406
2020-04-30,71.125
2020-05-01,69.97992706298828
2020-05-04,70.97007751464844
2020-05-05,72.03524780273438
2020-05-06,72.77845764160156
2020-05-07,73.53134155273438
2020-05-08,75.28150939941406
2020-05-11,76.46609497070312
2020-05-12,75.59221649169922
2020-05-13,74.67948913574219
2020-05-14,75.1383056640625
2020-05-15,74.69406127929688
2020-05-18,76.45394897460938
2020-05-19,76.01217651367188
2020-05-20,77.49047088623047
2020-05-21,76.9127426147461
2020-05-22,77.40792083740234
2020-05-26,76.88359832763672
2020-05-27,77.21858978271484
2020-05-28,77.2525634765625
2020-05-29,77.17733001708984
2020-06-01,78.1264419555664
2020-06-02,78.4881362915039
2020-06-03,78.92020416259766
2020-06-04,78.24053192138672
2020-06-05,80.4688949584961
2020-06-08,80.94466400146484
2020-06-09,83.50076293945312
2020-06-10,85.64901733398438
2020-06-11,81.53697967529297
2020-06-12,82.24090576171875
2020-06-15,83.25800323486328
2020-06-16,85.46452331542969
2020-06-17,85.34559631347656
2020-06-18,85.37957000732422
2020-06-19,84.89166259765625
2020-06-22,87.11273956298828
2020-06-23,88.9721450805664
2020-06-24,87.40160369873047
2020-06-25,88.5619125366211
2020-06-26,85.84077453613281
2020-06-29,87.81910705566406
2020-06-30,88.55220031738281
2020-07-01,88.38469696044922
2020-07-02,88.38469696044922
2020-07-06,90.7490234375
2020-07-07,90.4674301147461
2020-07-08,92.57444763183594
2020-07-09,92.97251892089844
2020-07-10,93.13516235351562
2020-07-13,92.70550537109375
2020-07-14,94.23963165283203
2020-07-15,94.88777160644531
2020-07-16,93.72016143798828
2020-07-17,93.53083801269531
2020-07-20,95.50189208984375
2020-07-21,94.1838150024414
2020-07-22,94.44841003417969
2020-07-23,90.1494369506836
2020-07-24,89.92610168457031
2020-07-27,92.05738830566406
2020-07-28,90.54510498046875
2020-07-29,92.28072357177734
2020-07-30,93.39733123779297
2020-07-31,103.17497253417969
2020-08-03,105.77473449707031
2020-08-04,106.4811019897461
2020-08-05,106.8670654296875
2020-08-06,110.5955810546875
2020-08-07,108.08111572265625
2020-08-10,109.65204620361328
2020-08-11,106.3910140991211
2020-08-12,109.92684936523438
2020-08-13,111.87226867675781
2020-08-14,111.77259063720703
2020-08-17,111.4807357788086
2020-08-18,112.40969848632812
2020-08-19,112.55072784423828
2020-08-20,115.04821014404297
2020-08-21,120.9769058227539
2020-08-24,122.42382049560547
2020-08-25,121.41949462890625
2020-08-26,123.0706787109375
2020-08-27,121.59944915771484
2020-08-28,121.40247344970703
2020-08-31,125.51949310302734
2020-09-01,130.51922607421875
2020-09-02,127.81511688232422
2020-09-03,117.58211517333984
2020-09-04,117.6599349975586
2020-09-08,109.74203491210938
2020-09-09,114.1192398071289
2020-09-10,110.39374542236328
2020-09-11,108.94439697265625
2020-09-14,112.21273803710938
2020-09-15,112.3878173828125
2020-09-16,109.0708236694336
2020-09-17,107.32968139648438
2020-09-18,103.9251708984375
2020-09-21,107.07676696777344
2020-09-22,108.75957489013672
2020-09-23,104.19754791259766
2020-09-24,105.26752471923828
2020-09-25,109.21674346923828
2020-09-28,111.82363891601562
2020-09-29,110.97735595703125
2020-09-30,112.65045166015625
2020-10-01,113.60369873046875
2020-10-02,109.93655395507812
2020-10-05,113.3216323852539
2020-10-06,110.07272338867188
2020-10-07,111.94039916992188
2020-10-08,111.83336639404297
2020-10-09,113.77880096435547
2020-10-12,121.006103515625
2020-10-13,117.7961196899414
2020-10-14,117.88367462158203
2020-10-15,117.41676330566406
2020-10-16,115.77288818359375
2020-10-19,112.8158187866211
2020-10-20,114.3040771484375
2020-10-21,113.68155670166016
2020-10-22,112.59208679199219
2020-10-23,111.90144348144531
2020-10-26,111.91117858886719
2020-10-27,113.41889190673828
2020-10-28,108.16622161865234
2020-10-29,112.17382049560547
2020-10-30,105.89006042480469
2020-11-02,105.80250549316406
2020-11-03,107.42694854736328
2020-11-04,111.81390380859375
2020-11-05,115.78260040283203
2020-11-06,115.65106201171875
2020-11-09,113.34173583984375
2020-11-10,113.0007095336914
2020-11-11,116.43058776855469
2020-11-12,116.15774536132812
2020-11-13,116.20646667480469
2020-11-16,117.21981811523438
2020-11-17,116.33313751220703
2020-11-18,115.0079574584961
2020-11-19,115.60232543945312
2020-11-20,114.33563995361328
2020-11-23,110.9349594116211
2020-11-24,112.22117614746094
2020-11-25,113.05915832519531
2020-11-27,113.60482025146484
2020-11-30,116.00183868408203
2020-12-01,119.57788848876953
2020-12-02,119.92864227294922
2020-12-03,119.792236328125
2020-12-04,119.11991119384766
2020-12-07,120.58150482177734
2020-12-08,121.19537353515625
2020-12-09,118.66194152832031
2020-12-10,120.08455657958984
2020-12-11,119.27581787109375
2020-12-14,118.66194152832031
2020-12-15,124.60574340820312
2020-12-16,124.53754425048828
2020-12-17,125.40475463867188
2020-12-18,123.41700744628906
2020-12-21,124.94679260253906
2020-12-22,128.5033416748047
2020-12-23,127.60688781738281
2020-12-24,128.59104919433594
2020-12-28,133.19020080566406
2020-12-29,131.41677856445312
2020-12-30,130.29623413085938
2020-12-31,129.29258728027344
2021-01-04,126.09658813476562
2021-01-05,127.6556167602539
2021-01-06,123.35853576660156
2021-01-07,127.5678939819336
2021-01-08,128.66896057128906
2021-01-11,125.67760467529297
2021-01-12,125.502197265625
2021-01-13,127.53870391845703
2021-01-14,125.60940551757812
2021-01-15,123.88470458984375
2021-01-19,124.55704498291016
2021-01-20,128.6494903564453
2021-01-21,133.36553955078125
2021-01-22,135.50926208496094
2021-01-25,139.2606658935547
2021-01-26,139.49453735351562
2021-01-27,138.42266845703125
2021-01-28,133.57998657226562
2021-01-29,128.58128356933594
2021-02-01,130.70547485351562
2021-02-02,131.5337677001953
2021-02-03,130.51060485839844
2021-02-04,133.87228393554688
2021-02-05,133.45751953125
2021-02-08,133.6038818359375
2021-02-09,132.72561645507812
2021-02-10,132.12060546875
2021-02-11,131.8668975830078
2021-02-12,132.10108947753906
2021-02-16,129.9737091064453
2021-02-17,127.68048095703125
2021-02-18,126.57778930664062
2021-02-19,126.73392486572266
2021-02-22,122.95735168457031
2021-02-23,122.82073974609375
2021-02-24,122.32305145263672
2021-02-25,118.06832885742188
2021-02-26,118.3318099975586
2021-03-01,124.70413970947266
2021-03-02,122.09860229492188
2021-03-03,119.11246490478516
2021-03-04,117.2291030883789
2021-03-05,118.48795318603516
2021-03-08,113.55016326904297
2021-03-09,118.1659164428711
2021-03-10,117.08272552490234
2021-03-11,119.01490783691406
2021-03-12,118.10736083984375
2021-03-15,120.99588012695312
2021-03-16,122.53772735595703
2021-03-17,121.74729919433594
2021-03-18,117.61943817138672
2021-03-19,117.09249877929688
2021-03-22,120.4103775024414
2021-03-23,119.58090209960938
2021-03-24,117.19007110595703
2021-03-25,117.6780014038086
2021-03-26,118.28302001953125
2021-03-29,118.45868682861328
2021-03-30,117.00465393066406
2021-03-31,119.20032501220703
2021-04-01,120.02979278564453
2021-04-05,122.85977935791016
2021-04-06,123.16229248046875
2021-04-07,124.81148529052734
2021-04-08,127.2120590209961
2021-04-09,129.78831481933594
2021-04-12,128.07078552246094
2021-04-13,131.1837921142578
2021-04-14,128.84173583984375
2021-04-15,131.2520751953125
2021-04-16,130.9203338623047
2021-04-19,131.5838623046875
2021-04-20,129.89564514160156
2021-04-21,130.27626037597656
2021-04-22,128.75392150878906
2021-04-23,131.07647705078125
2021-04-26,131.46681213378906
2021-04-27,131.14471435546875
2021-04-28,130.35430908203125
2021-04-29,130.25672912597656
2021-04-30,128.28550720214844
2021-05-03,129.3394317626953
2021-05-04,124.7626724243164
2021-05-05,125.00663757324219
2021-05-06,126.60707092285156
2021-05-07,127.28150939941406
2021-05-10,123.99710845947266
2021-05-11,123.07823181152344
2021-05-12,120.00885009765625
2021-05-13,122.15938568115234
2021-05-14,124.5835952758789
2021-05-17,123.43013000488281
2021-05-18,122.04205322265625
2021-05-19,121.88566589355469
2021-05-20,124.44674682617188
2021-05-21,122.60902404785156
2021-05-24,124.24144744873047
2021-05-25,124.04595947265625
2021-05-26,123.99710845947266
2021-05-27,122.46239471435547
2021-05-28,121.8074722290039
2021-06-01,121.4848861694336
2021-06-02,122.2473373413086
2021-06-03,120.76154327392578
2021-06-04,123.05867767333984
2021-06-07,123.06846618652344
2021-06-08,123.88957977294922
2021-06-09,124.27079010009766
2021-06-10,123.27374267578125
2021-06-11,124.48583984375
2021-06-14,127.54545593261719
2021-06-15,126.72434997558594
2021-06-16,127.22284698486328
2021-06-17,128.82598876953125
2021-06-18,127.5259017944336
2021-06-21,129.32449340820312
2021-06-22,130.96670532226562
2021-06-23,130.69302368164062
2021-06-24,130.40956115722656
2021-06-25,130.1162567138672
2021-06-28,131.74871826171875
2021-06-29,133.26390075683594
2021-06-30,133.8797149658203
2021-07-01,134.1827392578125
2021-07-02,136.812255859375
2021-07-06,138.82589721679688
2021-07-07,141.3185577392578
2021-07-08,140.0185089111328
2021-07-09,141.8463897705078
2021-07-12,141.25015258789062
2021-07-13,142.36451721191406
2021-07-14,145.79554748535156
2021-07-15,145.140625
2021-07-16,143.09762573242188
2021-07-19,139.24623107910156
2021-07-20,142.86302185058594
2021-07-21,142.12986755371094
2021-07-22,143.49842834472656
2021-07-23,145.21881103515625
2021-07-26,145.63914489746094
2021-07-27,143.4690704345703
2021-07-28,141.7193603515625
2021-07-29,142.36451721191406
2021-07-30,142.5795440673828
2021-08-02,142.2471466064453
2021-08-03,144.0458221435547
2021-08-04,143.64500427246094
2021-08-05,143.75253295898438
2021-08-06,143.06727600097656
2021-08-09,143.018310546875
2021-08-10,142.53863525390625
2021-08-11,142.7931671142578
2021-08-12,145.75946044921875
2021-08-13,145.9650421142578
2021-08-16,147.94256591796875
2021-08-17,147.03211975097656
2021-08-18,143.2826385498047
2021-08-19,143.61550903320312
2021-08-20,145.0741729736328
2021-08-23,146.56224060058594
2021-08-24,146.47410583496094
2021-08-25,145.24061584472656
2021-08-26,144.43783569335938
2021-08-27,145.47555541992188
2021-08-30,149.9005126953125
2021-08-31,148.63763427734375
2021-09-01,149.30331420898438
2021-09-02,150.41937255859375
2021-09-03,151.0557098388672
2021-09-07,153.3954620361328
2021-09-08,151.8486785888672
2021-09-09,150.83055114746094
2021-09-10,145.83778381347656
2021-09-13,146.40560913085938
2021-09-14,145.00564575195312
2021-09-15,145.89654541015625
2021-09-16,145.6615447998047
2021-09-17,142.9889678955078
2021-09-20,139.93455505371094
2021-09-21,140.4142608642578
2021-09-22,142.78338623046875
2021-09-23,143.7427978515625
2021-09-24,143.83090209960938
2021-09-27,142.31349182128906
2021-09-28,138.9262237548828
2021-09-29,139.82687377929688
2021-09-30,138.5248260498047
2021-10-01,139.650634765625
2021-10-04,136.21444702148438
2021-10-05,138.14303588867188
2021-10-06,139.01431274414062
2021-10-07,140.2771759033203
2021-10-08,139.8953857421875
2021-10-11,139.8072967529297
2021-10-12,138.5346221923828
2021-10-13,137.94723510742188
2021-10-14,140.7373046875
2021-10-15,141.79461669921875
2021-10-18,143.46865844726562
2021-10-19,145.6322021484375
2021-10-20,146.1216583251953
2021-10-21,146.33702087402344
2021-10-22,145.5636749267578
2021-10-25,145.51470947265625
2021-10-26,146.18043518066406
2021-10-27,145.72030639648438
2021-10-28,149.36209106445312
2021-10-29,146.65032958984375
2021-11-01,145.8280029296875
2021-11-02,146.86572265625
2021-11-03,148.30482482910156
2021-11-04,147.7859649658203
2021-11-05,148.3153533935547
2021-11-08,147.4918212890625
2021-11-09,147.8545684814453
2021-11-10,145.0211944580078
2021-11-11,144.97218322753906
2021-11-12,147.0506591796875
2021-11-15,147.06045532226562
2021-11-16,148.04083251953125
2021-11-17,150.48204040527344
2021-11-18,154.7761993408203
2021-11-19,157.40371704101562
2021-11-22,157.86448669433594
2021-11-23,158.246826171875
2021-11-24,158.76641845703125
2021-11-26,153.73696899414062
2021-11-29,157.09976196289062
2021-11-30,162.0606231689453
2021-12-01,161.5409698486328
2021-12-02,160.55078125
2021-12-03,158.66839599609375
2021-12-06,162.08021545410156
2021-12-07,167.82533264160156
2021-12-08,171.6489715576172
2021-12-09,171.13914489746094
2021-12-10,175.93328857421875
2021-12-13,172.2960205078125
2021-12-14,170.91363525390625
2021-12-15,175.7862548828125
2021-12-16,168.88421630859375
2021-12-17,167.78614807128906
2021-12-20,166.4233856201172
2021-12-21,169.59991455078125
2021-12-22,172.19801330566406
2021-12-23,172.825439453125
2021-12-27,176.79605102539062
2021-12-28,175.7764434814453
2021-12-29,175.86468505859375
2021-12-30,174.7078094482422
2021-12-31,174.0901641845703
2022-01-03,178.44313049316406
2022-01-04,176.17840576171875
2022-01-05,171.49208068847656
2022-01-06,168.62930297851562
2022-01-07,168.79598999023438
2022-01-10,168.81558227539062
2022-01-11,171.6489715576172
2022-01-12,172.09010314941406
2022-01-13,168.81558227539062
2022-01-14,169.67832946777344
2022-01-18,166.47239685058594
2022-01-19,162.97239685058594
2022-01-20,161.28607177734375
2022-01-21,159.22726440429688
2022-01-24,158.4527130126953
2022-01-25,156.6487274169922
2022-01-26,156.560546875
2022-01-27,156.0997314453125
2022-01-28,166.99203491210938
2022-01-31,171.3548126220703
2022-02-01,171.1881561279297
2022-02-02,172.3940887451172
2022-02-03,169.51165771484375
2022-02-04,169.2270050048828
2022-02-07,168.5103759765625
2022-02-08,171.6221923828125
2022-02-09,173.04559326171875
2022-02-10,168.96192932128906
2022-02-11,165.54579162597656
2022-02-14,165.78140258789062
2022-02-15,169.61964416503906
2022-02-16,169.38404846191406
2022-02-17,165.78140258789062
2022-02-18,164.23037719726562
2022-02-22,161.30508422851562
2022-02-23,157.13302612304688
2022-02-24,159.75405883789062
2022-02-25,161.82534790039062
2022-02-28,162.09039306640625
2022-03-01,160.20562744140625
2022-03-02,163.50392150878906
2022-03-03,163.1800079345703
2022-03-04,160.1761474609375
2022-03-07,156.3771514892578
2022-03-08,154.55128479003906
2022-03-09,159.96018981933594
2022-03-10,155.6114959716797
2022-03-11,151.89097595214844
2022-03-14,147.85646057128906
2022-03-15,152.244384765625
2022-03-16,156.661865234375
2022-03-17,157.67291259765625
2022-03-18,160.97128295898438
2022-03-21,162.34561157226562
2022-03-22,165.72251892089844
2022-03-23,167.0869903564453
2022-03-24,170.87615966796875
2022-03-25,171.51425170898438
2022-03-28,172.37811279296875
2022-03-29,175.6764678955078
2022-03-30,174.50830078125
2022-03-31,171.40625
2022-04-01,171.1117401123047
2022-04-04,175.16598510742188
2022-04-05,171.8480224609375
2022-04-06,168.67727661132812
2022-04-07,168.98159790039062
2022-04-08,166.96917724609375
2022-04-11,162.70880126953125
2022-04-12,164.5837860107422
2022-04-13,167.27349853515625
2022-04-14,162.25721740722656
2022-04-18,162.04127502441406
2022-04-19,164.3285369873047
2022-04-20,164.16168212890625
2022-04-21,163.36651611328125
2022-04-22,158.82144165039062
2022-04-25,159.89149475097656
2022-04-26,153.9230499267578
2022-04-27,153.697265625
2022-04-28,160.63754272460938
2022-04-29,154.75741577148438
2022-05-02,155.061767578125
2022-05-03,156.55384826660156
2022-05-04,162.97389221191406
2022-05-05,153.8936004638672
2022-05-06,154.62109375
2022-05-09,149.48931884765625
2022-05-10,151.8979034423828
2022-05-11,144.02333068847656
2022-05-12,140.14991760253906
2022-05-13,144.62298583984375
2022-05-16,143.0795440673828
2022-05-17,146.7169952392578
2022-05-18,138.43936157226562
2022-05-19,135.02801513671875
2022-05-20,135.2639617919922
2022-05-23,140.69061279296875
2022-05-24,137.9871368408203
2022-05-25,138.14442443847656
2022-05-26,141.34930419921875
2022-05-27,147.1102294921875
2022-05-31,146.32374572753906
2022-06-01,146.1959686279297
2022-06-02,148.65367126464844
2022-06-03,142.9222412109375
2022-06-06,143.66940307617188
2022-06-07,146.1959686279297
2022-06-08,145.45860290527344
2022-06-09,140.2285919189453
2022-06-10,134.8117218017578
2022-06-13,129.6504669189453
2022-06-14,130.51556396484375
2022-06-15,133.14044189453125
2022-06-16,127.86122131347656
2022-06-17,129.3358917236328
2022-06-21,133.57301330566406
2022-06-22,133.06179809570312
2022-06-23,135.93246459960938
2022-06-24,139.26515197753906
2022-06-27,139.26515197753906
2022-06-28,135.11648559570312
2022-06-29,136.87623596191406
2022-06-30,134.40866088867188
2022-07-01,136.58126831054688
2022-07-05,139.16683959960938
2022-07-06,140.5038604736328
